<?xml version="1.0" encoding="utf-8" ?>
<dwsync>
<file name="bootstrap.min.js" server="10.250.0.7//" local="130367894820000000" remote="131674609200000000" Dst="0" />
<file name="jquery.flexslider.js" server="10.250.0.7//" local="130201036280000000" remote="131674609200000000" Dst="0" />
<file name="scripts.js" server="10.250.0.7//" local="130436347400000000" remote="131674609200000000" Dst="0" />
<file name="modernizr.js" server="10.250.0.7//" local="130350631180000000" remote="131674609200000000" Dst="0" />
<file name="waypoints.min.js" server="10.250.0.7//" local="130200847560000000" remote="131674609200000000" Dst="0" />
<file name=".DS_Store" server="10.250.0.7//" local="130435625440000000" remote="131674609200000000" Dst="0" />
<file name="bootstrap.js" server="10.250.0.7//" local="130367894820000000" remote="131674609200000000" Dst="0" />
<file name="jquery.flexslider-min.js" server="10.250.0.7//" local="130201036280000000" remote="131674609200000000" Dst="0" />
<file name="bootstrap.min.js" server="wecare.jcubitgroup.com//" local="130367894820000000" remote="131674080000000000" Dst="0" />
<file name="jquery.flexslider.js" server="wecare.jcubitgroup.com//" local="130201036280000000" remote="131674080000000000" Dst="0" />
<file name="scripts.js" server="wecare.jcubitgroup.com//" local="130436347400000000" remote="131674080000000000" Dst="0" />
<file name="modernizr.js" server="wecare.jcubitgroup.com//" local="130350631180000000" remote="131674080000000000" Dst="0" />
<file name="waypoints.min.js" server="wecare.jcubitgroup.com//" local="130200847560000000" remote="131674080000000000" Dst="0" />
<file name=".DS_Store" server="wecare.jcubitgroup.com//" local="130435625440000000" remote="131674080000000000" Dst="0" />
<file name="bootstrap.js" server="wecare.jcubitgroup.com//" local="130367894820000000" remote="131674080000000000" Dst="0" />
<file name="jquery.flexslider-min.js" server="wecare.jcubitgroup.com//" local="130201036280000000" remote="131674080000000000" Dst="0" />
<file name="nav.js" server="wecare.jcubitgroup.com//" local="131674663258584588" remote="131674087200000000" Dst="0" />
<file name="show_text.js" server="wecare.jcubitgroup.com//" local="131686758703902036" remote="131684606400000000" Dst="0" />
<file name="test.html" server="wecare.jcubitgroup.com//" local="131686758247815098" remote="131684602800000000" Dst="0" />
<file name="test.php" server="wecare.jcubitgroup.com//" local="131686758248127594" remote="131684602200000000" Dst="0" />
</dwsync>