<?xml version="1.0" encoding="utf-8" ?>
<dwsync>
<file name="glyphicons-halflings-regular.eot" server="10.250.0.7//" local="130367894820000000" remote="131674609200000000" Dst="0" />
<file name="glyphicons-halflings-regular.woff" server="10.250.0.7//" local="130367894820000000" remote="131674609200000000" Dst="0" />
<file name="glyphicons-halflings-regular.ttf" server="10.250.0.7//" local="130367894820000000" remote="131674609200000000" Dst="0" />
<file name=".DS_Store" server="10.250.0.7//" local="130438118740000000" remote="131674609200000000" Dst="0" />
<file name="glyphicons-halflings-regular.svg" server="10.250.0.7//" local="130367894820000000" remote="131674609200000000" Dst="0" />
<file name="glyphicons-halflings-regular.eot" server="wecare.jcubitgroup.com//" local="130367894820000000" remote="131674079400000000" Dst="0" />
<file name="glyphicons-halflings-regular.woff" server="wecare.jcubitgroup.com//" local="130367894820000000" remote="131674079400000000" Dst="0" />
<file name="glyphicons-halflings-regular.ttf" server="wecare.jcubitgroup.com//" local="130367894820000000" remote="131674079400000000" Dst="0" />
<file name=".DS_Store" server="wecare.jcubitgroup.com//" local="130438118740000000" remote="131674080000000000" Dst="0" />
<file name="glyphicons-halflings-regular.svg" server="wecare.jcubitgroup.com//" local="130367894820000000" remote="131674080000000000" Dst="0" />
</dwsync>